{"cameraMode":{"drawMode":0,"name":"Shaded","section":"Shading Mode"},"sceneLighting":false,"audioPlay":false,"sceneViewState":{"showFog":true,"showMaterialUpdate":false,"showSkybox":true,"showFlares":true,"showImageEffects":true,"showParticleSystems":true},"in2DMode":false,"pivot":{"x":0.16531746089458466,"y":3.5456581115722658,"z":-0.4968094825744629},"rotation":{"x":-0.0002736823516897857,"y":0.9965180158615112,"z":-0.08331349492073059,"w":-0.0032756642904132606},"size":7.606124401092529,"orthographic":false}