{"cameraMode":{"drawMode":0,"name":"Shaded","section":"Shading Mode"},"sceneLighting":false,"audioPlay":false,"sceneViewState":{"showFog":true,"showMaterialUpdate":false,"showSkybox":true,"showFlares":true,"showImageEffects":true,"showParticleSystems":true},"in2DMode":false,"pivot":{"x":0.0,"y":2.0945000648498537,"z":-0.014100149273872376},"rotation":{"x":0.05215909704566002,"y":-0.41255736351013186,"z":0.023669488728046418,"w":0.9091290831565857},"size":2.7672271728515627,"orthographic":false}