{"cameraMode":{"drawMode":0,"name":"Shaded","section":"Shading Mode"},"sceneLighting":true,"audioPlay":false,"sceneViewState":{"showFog":true,"showMaterialUpdate":true,"showSkybox":true,"showFlares":true,"showImageEffects":true,"showParticleSystems":true},"in2DMode":false,"pivot":{"x":-3.6454734802246095,"y":1.0462090969085694,"z":4.173308849334717},"rotation":{"x":-0.06295143812894821,"y":-0.014969953335821629,"z":0.0009442509617656469,"w":-0.9979039430618286},"size":1.5488317012786866,"orthographic":false}